{
	"credit": "Made with Blockbench",
	"parent": "builtin/generated",
	"elements": [
		{
			"from": [0, 0, 7.5],
			"to": [16, 16, 8.5],
			"rotation": {"angle": 0, "axis": "y", "origin": [8, 8, 15.5]},
			"color": 1,
			"faces": {
				"north": {"uv": [0, 0, 16, 16], "texture": "#missing"},
				"east": {"uv": [0, 0, 1, 16], "texture": "#missing"},
				"south": {"uv": [0, 0, 16, 16], "texture": "#missing"},
				"west": {"uv": [0, 0, 1, 16], "texture": "#missing"},
				"up": {"uv": [0, 0, 16, 1], "texture": "#missing"},
				"down": {"uv": [0, 0, 16, 1], "texture": "#missing"}
			}
		}
	],
	"display": {
		"thirdperson_righthand": {
			"rotation": [16, -3, 23.5],
			"translation": [-1.75, 3, 2.5],
			"scale": [0.55, 0.55, 0.55]
		},
		"firstperson_righthand": {
			"rotation": [0, -90, 25],
			"translation": [1.13, 3.2, 1.13],
			"scale": [0.68, 0.68, 0.68]
		},
		"ground": {
			"translation": [0, 2, 0],
			"scale": [0.5, 0.5, 0.01]
		},
		"head": {
			"rotation": [0, 180, 0],
			"translation": [0, 13, 7]
		},
		"fixed": {
			"rotation": [0, 180, 0]
		}
	}
}